[
	{
		"title"  : {"text" : "New"},
		"legend" : {"enabled" : false},
		"series" : [{"name" : "New", "groupPadding" : 1, "pointPadding" : 0.65 }],
		"keys"   : ["new"]
	},
	{
		"title"  : {"text" : "In Progress"},
		"legend" : {"enabled" : false},
		"series" : [{"name" : "In Progress", "groupPadding" : 1, "pointPadding" : 0.65 }],
		"keys"   : ["inprogress"]
	},
	{
		"title"  : {"text" : "Closed"},
		"legend" : {"enabled" : false},
		"series" : [{"name" : "Closed", "groupPadding" : 1, "pointPadding" : 0.65 }],
		"keys"   : ["closed"]
	},
	{
		"title"  : {"text" : "Hold"},
		"legend" : {"enabled" : false},
		"series" : [{"name" : "Hold", "groupPadding" : 1, "pointPadding" : 0.65 }],
		"keys"   : ["hold"]
	}
]